"","HComplete.AR.non.scaled","HWardD.AR.non.scaled","HWardD2.AR.non.scaled","HSingle.AR.non.scaled","HAverage.AR.non.scaled","HMcQuitty.AR.non.scaled","HMedian.AR.non.scaled","HCentroid.AR.non.scaled","Genie.AR.non.scaled","Genie0.2.AR.non.scaled","Genie0.4.AR.non.scaled","Genie0.5.AR.non.scaled","Genie0.6.AR.non.scaled","Genie0.7.AR.non.scaled","ASingle.AR.non.scaled","ownq1.AR.non.scaled","own2q.AR.non.scaled","own3q.AR.non.scaled","own5.AR.non.scaled","own10.AR.non.scaled","own12.AR.non.scaled","own15.AR.non.scaled","own.AR.non.scaled","HComplete.FM.non.scaled","HWardD.FM.non.scaled","HWardD2.FM.non.scaled","HSingle.FM.non.scaled","HAverage.FM.non.scaled","HMcQuitty.FM.non.scaled","HMedian.FM.non.scaled","HCentroid.FM.non.scaled","Genie.FM.non.scaled","Genie0.2.FM.non.scaled","Genie0.4.FM.non.scaled","Genie0.5.FM.non.scaled","Genie0.6.FM.non.scaled","Genie0.7.FM.non.scaled","ASingle.FM.non.scaled","ownq1.FM.non.scaled","own2q.FM.non.scaled","own3q.FM.non.scaled","own5.FM.non.scaled","own10.FM.non.scaled","own12.FM.non.scaled","own15.FM.non.scaled","own.FM.non.scaled","HComplete.AR.scaled","HWardD.AR.scaled","HWardD2.AR.scaled","HSingle.AR.scaled","HAverage.AR.scaled","HMcQuitty.AR.scaled","HMedian.AR.scaled","HCentroid.AR.scaled","Genie.AR.scaled","Genie0.2.AR.scaled","Genie0.4.AR.scaled","Genie0.5.AR.scaled","Genie0.6.AR.scaled","Genie0.7.AR.scaled","ASingle.AR.scaled","ownq1.AR.scaled","own2q.AR.scaled","own3q.AR.scaled","own5.AR.scaled","own10.AR.scaled","own12.AR.scaled","own15.AR.scaled","own.AR.scaled","HComplete.FM.scaled","HWardD.FM.scaled","HWardD2.FM.scaled","HSingle.FM.scaled","HAverage.FM.scaled","HMcQuitty.FM.scaled","HMedian.FM.scaled","HCentroid.FM.scaled","Genie.FM.scaled","Genie0.2.FM.scaled","Genie0.4.FM.scaled","Genie0.5.FM.scaled","Genie0.6.FM.scaled","Genie0.7.FM.scaled","ASingle.FM.scaled","ownq1.FM.scaled","own2q.FM.scaled","own3q.FM.scaled","own5.FM.scaled","own10.FM.scaled","own12.FM.scaled","own15.FM.scaled","own.FM.scaled"
"atom",0.08353,1,0.09863,1,0.09863,0.21321,0.00013,0.00345,1,1,1,1,1,1,1,0.01443,0.00126,0.18637,0.22255,1,0.2518,1,0.00733,0.6468,1,0.64628,1,0.64628,0.66112,0.7023,0.68703,1,1,1,1,1,1,1,0.51327,0.50226,0.65551,0.6633,1,0.67077,1,0.50618,0.31011,1,0.06707,1,0.05242,0.25432,0.0017,0.00013,1,1,1,1,1,1,1,0.00642,0.10502,0.15733,1,1,1,1,0.05892,0.68817,1,0.64851,1,0.65135,0.67145,0.69241,0.7023,1,1,1,1,1,1,1,0.50428,0.64631,0.65068,1,1,1,1,0.5434
"chainlink",0.31305,0.39386,0.28034,1,0.27192,0.40144,0.28888,0.20375,1,1,1,1,1,1,1,0.41415,0.14236,0.00698,-0.00099,1,-0.001,-0.001,0.14236,0.68922,0.71777,0.67901,1,0.67653,0.72065,0.68159,0.65915,1,1,1,1,1,1,1,0.70693,0.64891,0.631,0.50236,1,0.49958,0.499,0.64891,-0.00098,-0.00096,-0.001,1,0.1878,0.15787,0.09563,0.08954,1,1,1,1,1,1,1,0.55011,-0.00093,0.08206,-0.00022,-0.001,-0.001,1,-0.00093,0.50418,0.50894,0.49958,1,0.65591,0.65088,0.64646,0.64664,1,1,1,1,1,1,1,0.77485,0.50174,0.54863,0.49988,0.4999,0.49958,1,0.50174
"engytime",0.04058,0.75365,0.71845,0,0.05101,0.03186,0.02313,0.00021,0.81242,0.81242,0.81242,0.81242,0.81242,0.00477,0,0.79229,0.75111,0.18492,0.80714,0.33748,0.23161,0.22974,0.53991,0.65437,0.87695,0.86024,0.70668,0.65002,0.65893,0.65403,0.70193,0.90648,0.90648,0.90648,0.90648,0.90648,0.68469,0.70668,0.89663,0.87648,0.65407,0.90393,0.688,0.62612,0.62556,0.77297,0.1053,0.8239,0.80802,0,0.01047,0.04811,0.00066,0.00021,0.81242,0.81242,0.81242,0.81242,0.00701,0.00701,0,0.25971,0.73176,0.00251,0.77156,0.35297,0.35414,0.21499,0.73176,0.62887,0.912,0.9044,0.70668,0.67402,0.58169,0.69817,0.70193,0.90648,0.90648,0.90648,0.90648,0.6799,0.6799,0.70668,0.65864,0.86705,0.57205,0.88641,0.68971,0.68982,0.61884,0.86705
"hepta",1,1,1,1,1,1,1,1,1,1,1,1,1,1,1,0.8141,0.31529,0.56757,0.54905,0.53879,0.80745,0.67383,0.76138,1,1,1,1,1,1,1,1,1,1,1,1,1,1,1,0.84865,0.45896,0.66343,0.64549,0.64585,0.84088,0.73454,0.80048,1,1,1,1,1,1,1,1,1,1,1,1,1,1,1,0.56738,0.36909,0.29639,0.83053,0.80745,0.80745,0.54721,0.77047,1,1,1,1,1,1,1,1,1,1,1,1,1,1,1,0.67377,0.49689,0.45907,0.86232,0.84088,0.84088,0.65008,0.80738
"lsun",0.40461,0.36594,0.36882,1,0.36109,0.30651,0.47126,0.71079,1,1,1,1,1,1,1,0.42617,0.46041,0.05796,0.5423,0.48335,1,0.43084,0.3593,0.6272,0.60347,0.60519,1,0.60438,0.5742,0.66946,0.83302,1,1,1,1,1,1,1,0.63428,0.66036,0.48214,0.70804,0.67833,1,0.6521,0.58545,0.36746,0.37848,0.38529,1,0.39755,0.42128,0.42797,0.33956,1,1,1,1,1,1,1,0.36586,0.34256,0.32969,0.46747,0.52716,0.43972,0.52458,0.5318,0.60367,0.61289,0.61718,1,0.62278,0.63622,0.65194,0.59475,1,1,1,1,1,1,1,0.60936,0.58614,0.61375,0.66667,0.69896,0.65417,0.69679,0.7028
"target",0.20668,0.63894,0.63878,1,0.14559,0.2994,0.25488,0.08961,0.42911,0.3781,0.64119,0.65058,0.65058,0.71265,1,0.6354,0.64167,0.3749,0.38649,0.19146,0.27096,0.3335,0.45077,0.66284,0.79494,0.79483,1,0.65766,0.68407,0.67241,0.66716,0.64935,0.60909,0.79636,0.80229,0.80229,0.8405,1,0.79269,0.79667,0.66156,0.61586,0.46992,0.51986,0.57164,0.66699,0.39132,0.63894,0.63878,1,0.14559,0.15519,0.11101,0.09545,0.42911,0.3781,0.64119,0.65058,0.65058,0.71265,1,0.63662,0.60711,0.47618,0.38955,0.34655,0.38392,0.24281,0.26824,0.67861,0.79494,0.79483,1,0.65766,0.65777,0.66078,0.6649,0.64935,0.60909,0.79636,0.80229,0.80229,0.8405,1,0.79346,0.77512,0.70586,0.61832,0.58284,0.61378,0.49612,0.51698
"tetra",0.9867,1,0.96727,-3e-05,0.99332,1,0.67134,0.96727,1,1,1,1,1,0.33166,-3e-05,0.6249,0.69887,0.09643,0.75852,0.63648,0.73019,1,1,0.99,1,0.97539,0.49436,0.99497,1,0.78593,0.97539,1,1,1,1,1,0.62802,0.49436,0.74312,0.77663,0.39026,0.81845,0.7516,0.80622,1,1,0.9867,1,0.96727,-3e-05,0.99332,0.9867,0.67134,0.96727,1,1,1,1,1,0.33166,-3e-05,0.63492,0.69845,0.1183,0.64109,0.63764,0.84503,1,0.61569,0.99,1,0.97539,0.49436,0.99497,0.99,0.78593,0.97539,1,1,1,1,1,0.62802,0.49436,0.74874,0.77631,0.41793,0.75608,0.75256,0.88432,1,0.73072
"twodiamonds",0.98504,1,1,0,0.995,0.995,0.6476,0.995,0.97513,0.97513,0.97513,0.97513,0.97513,0.97513,0,0.11453,0.995,0.26195,0.995,1,1,1,0.995,0.99251,1,1,0.70578,0.9975,0.9975,0.82702,0.9975,0.98755,0.98755,0.98755,0.98755,0.98755,0.98755,0.70578,0.56508,0.9975,0.67357,0.9975,1,1,1,0.9975,0.00518,0.98504,1,0,0.97019,0.08469,0.00092,0.00317,0.98008,0.98008,0.98008,0.98008,0.98008,0.00035,0,-0.00085,0.13397,0.45501,0.32994,1,0.995,0.2518,0.16096,0.57909,0.99251,1,0.70578,0.98508,0.59483,0.66262,0.68778,0.99003,0.99003,0.99003,0.99003,0.99003,0.69975,0.70578,0.49895,0.56667,0.74179,0.69473,1,0.9975,0.67077,0.58033
"wingnut",0.46881,1,0.60115,1,1,1,1,1,1,1,1,1,1,1,1,0.92273,0.83051,0.01225,0.01695,0.01912,0.0277,0.99213,0.83051,0.74754,1,0.80038,1,1,1,1,1,1,1,1,1,1,1,1,0.96133,0.91518,0.55083,0.50799,0.50908,0.51337,0.99606,0.91518,0.4824,1,1,1,1,0.4906,0.63524,0.31864,1,1,1,1,1,1,1,0.03184,0.45536,0.23393,0.0149,0.99213,0.01802,0.9843,0.68324,0.75321,1,1,1,1,0.74505,0.81844,0.69105,1,1,1,1,1,1,1,0.51545,0.72774,0.66117,0.50697,0.99606,0.50853,0.99214,0.84154
"dense",0.25726,1,0.9212,6e-04,0.9212,0.00422,0.9212,0.9212,0.9602,0.9602,0.9602,0.9602,0.9602,0.9602,6e-04,0.29927,0.9602,0.23726,0.32201,0.14942,0.14175,0.16537,0.9602,0.67066,1,0.96044,0.69499,0.96044,0.68252,0.96044,0.96044,0.98,0.98,0.98,0.98,0.98,0.98,0.69499,0.66263,0.98,0.66527,0.68511,0.64767,0.64674,0.64998,0.98,0.47371,1,0.9212,6e-04,0.9212,0.50181,0.35729,0,0.9602,0.9602,0.9602,0.9602,0.9602,0.9602,6e-04,0.90201,0.9602,0.23726,0.9602,0.9406,0.00024,0.16537,0.9602,0.74845,1,0.96044,0.69499,0.96044,0.76038,0.7029,0.70179,0.98,0.98,0.98,0.98,0.98,0.98,0.69499,0.95082,0.98,0.66527,0.98,0.97017,0.5156,0.64998,0.98
"fuzzyx",0.65372,0.69377,0.63699,-0.00013,0.7426,0.61491,0.56588,0.2696,0.34015,0.64426,0.43094,0.33005,0.27811,0.25763,-0.00013,0.50545,0.20259,0.38854,0.43154,0.48582,0.48718,0.42827,0.90234,0.72976,0.75808,0.71287,0.44671,0.79548,0.70109,0.66277,0.49624,0.52363,0.71971,0.57073,0.51416,0.51092,0.51452,0.44671,0.61535,0.42907,0.53446,0.55878,0.59927,0.61082,0.55834,0.9219,0.59856,0.69895,0.66442,-0.00013,0.7426,0.49857,0.50989,0.2696,0.34015,0.64426,0.43094,0.33218,0.27811,0.25763,-0.00013,0.31421,0.22418,0.21052,0.47812,0.46367,0.39644,0.4877,0.59145,0.6896,0.76208,0.73433,0.44671,0.79548,0.61866,0.64844,0.49624,0.52363,0.71971,0.57073,0.51476,0.51092,0.51452,0.44671,0.48603,0.45728,0.45653,0.58907,0.58159,0.53231,0.60339,0.68728
"line",-0.071,-0.06356,-0.10431,1,-0.06611,-0.0167,-0.07778,-0.06611,1,0.01918,1,1,1,1,1,0.76822,0.03924,-0.0889,0.10362,0.17749,-0.0167,1,0.15146,0.60554,0.60256,0.64255,1,0.60349,0.59718,0.60913,0.60349,1,0.60187,1,1,1,1,1,0.91913,0.60227,0.72903,0.62731,0.65794,0.59718,1,0.64661,-0.071,-0.06356,-0.10431,1,-0.06611,-0.0167,-0.07778,-0.06611,1,0.01918,1,1,1,1,1,0.76822,0.03924,-0.0889,0.35809,0.17749,0.17749,-0.00149,0.393,0.60554,0.60256,0.64255,1,0.60349,0.59718,0.60913,0.60349,1,0.60187,1,1,1,1,1,0.91913,0.60227,0.72903,0.74252,0.65794,0.65794,0.59852,0.86123
"parabolic",0.58942,0.39128,0.62057,7e-05,0.59868,0.60178,0.68859,0.50932,0.81342,0.81342,0.81342,0.81342,0.81342,0.00057,7e-05,0.57718,0.55011,0.27398,0.65576,-0.00042,0.00193,0.37637,0.42192,0.79592,0.70089,0.81115,0.70616,0.79938,0.80269,0.84469,0.75802,0.90705,0.90705,0.90705,0.90705,0.90705,0.68821,0.70616,0.78879,0.77486,0.67989,0.82773,0.57899,0.57257,0.68794,0.71072,0.56507,0.55309,0.54124,7e-05,0.59558,0.53829,0.03266,0.57111,0.81342,0.81342,0.81342,0.81342,0.81342,0.00057,7e-05,0.10538,0.50645,0.3266,0.04592,0.00381,0.60489,0.00496,0.50645,0.78291,0.77707,0.77131,0.70616,0.79781,0.76895,0.66332,0.78645,0.90705,0.90705,0.90705,0.90705,0.90705,0.68821,0.70616,0.5527,0.75301,0.69149,0.59181,0.55946,0.80227,0.55821,0.75301
"ring",0.2092,0.15001,0.11646,1,0.11375,0.15946,0.03965,0.0286,1,1,1,1,1,1,1,-0.00094,-0.00097,0.16756,0.6688,0.26984,1,1,-0.00068,0.66034,0.64982,0.64681,1,0.64669,0.65111,0.65542,0.66042,1,1,1,1,1,1,1,0.49905,0.49904,0.65234,0.83705,0.67593,1,1,0.49924,0.2092,0.22222,0.11646,1,0.11375,0.15946,0.03965,0.0286,1,1,1,1,1,1,1,-0.00097,-0.001,0.16756,0.13053,0.95253,0.25547,0.26984,-0.00094,0.66034,0.66333,0.64681,1,0.64669,0.65111,0.65542,0.66042,1,1,1,1,1,1,1,0.49903,0.499,0.65234,0.64775,0.97625,0.67188,0.67593,0.49903
"zigzag",0.13013,0.1417,0.1417,1,0.12919,0.13236,0.143,0.18246,1,1,1,1,1,1,1,0.11749,0.14212,-0.04733,0.38177,0.37281,0.37281,0.45702,0.12668,0.50423,0.4965,0.4965,1,0.5086,0.49696,0.49106,0.52801,1,1,1,1,1,1,1,0.47355,0.50833,0.48426,0.63367,0.62981,0.62981,0.66968,0.476,0.19583,0.21352,0.17508,1,0.20717,0.13731,-0.10599,0.18192,1,1,1,1,1,1,1,0.40692,0.17821,0.21611,0.18887,0.4036,0.37281,0.38504,0.22195,0.52378,0.52091,0.51126,1,0.5467,0.49306,0.47616,0.51044,1,1,1,1,1,1,1,0.63728,0.52233,0.63452,0.50853,0.64445,0.62981,0.63519,0.52056
"iris",0.64225,0.7592,0.7312,0.56375,0.7592,0.7455,0.74453,0.56375,0.88579,0.88579,0.88579,0.88579,0.56008,0.56091,0.56375,0.71728,0.07624,0.26745,0.38831,0.42518,0.64225,0.43556,0.7684,0.76864,0.84073,0.82217,0.76352,0.84073,0.83205,0.83064,0.76352,0.92343,0.92343,0.92343,0.92343,0.75379,0.75674,0.76352,0.81255,0.49169,0.58066,0.60693,0.63006,0.76864,0.63473,0.84464,0.57263,0.63043,0.61532,0.55837,0.56214,0.34818,0.57263,0.55837,0.6357,0.6357,0.53759,0.53759,0.56002,0.56091,0.55837,0.46394,0.41663,0.23209,0.36595,0.43023,0.59177,0.63389,0.43206,0.72822,0.76234,0.74978,0.76421,0.75998,0.59664,0.72822,0.76421,0.76725,0.76725,0.71697,0.71697,0.74684,0.75674,0.76421,0.64243,0.6524,0.55522,0.60465,0.62488,0.72631,0.75675,0.66798
"iris5",0.33701,0.55779,0.50637,0.14846,0.55779,0.5322,0.53125,0.14846,0.59377,0.59377,0.59377,0.79149,0.1476,0.1476,0.14846,0.61303,0.41864,0.13319,0.65482,0.2747,0.36735,0.18195,0.54118,0.66515,0.76522,0.73784,0.69055,0.76522,0.75291,0.74987,0.69055,0.76354,0.76354,0.76354,0.88574,0.67287,0.67287,0.69055,0.77583,0.65201,0.53723,0.79738,0.57109,0.61572,0.51698,0.72945,0.27092,0.32445,0.32191,0.1505,0.45907,0.39273,0.14715,0.14743,0.29547,0.29547,0.45685,0.45685,0.05007,0.15351,0.1505,0.51933,0.23195,0.05158,0.24494,0.22197,0.25636,0.14649,0.30366,0.59947,0.59394,0.6661,0.70296,0.71571,0.68256,0.67836,0.68426,0.57551,0.57551,0.70221,0.70221,0.57875,0.65891,0.70296,0.71627,0.57405,0.60809,0.54469,0.53938,0.55007,0.50908,0.57488
"square",0.16756,0.00426,0.25345,1,0.15157,0.22034,0.21846,0.18435,1,1,1,1,1,1,1,0.00285,0.02092,0.14222,0.18093,0.24944,0.25144,0.24944,0.16756,0.65234,0.51922,0.67132,1,0.65002,0.66289,0.66245,0.65525,1,1,1,1,1,1,1,0.50277,0.51001,0.61873,0.65462,0.67024,0.67078,0.67024,0.65234,0.08446,0.1547,0.23369,1,0.03577,0.27401,0.02928,0.06309,1,1,1,1,1,1,1,0.00942,0.01025,0.17923,0.26158,1,1,1,-0.001,0.56826,0.65044,0.66614,1,0.65697,0.67714,0.66005,0.64929,1,1,1,1,1,1,1,0.5064,0.50479,0.65432,0.67357,1,1,1,0.499
"a1",0.91623,0.92006,0.91416,0.44357,0.92509,0.80402,0.66785,0.86593,0.89884,0.93712,0.89502,0.83418,0.74194,0.58475,0.44357,0.42767,0.25677,0.12952,0.69193,0.39238,0.72797,0.38459,0.72461,0.92041,0.92406,0.91844,0.56399,0.92882,0.81502,0.6943,0.87669,0.90464,0.94025,0.90128,0.84877,0.77555,0.65954,0.56399,0.49366,0.3729,0.29002,0.72486,0.50052,0.75337,0.49719,0.75216,0.64131,0.94281,0.89017,0.21693,0.89193,0.60193,0.56919,0.75655,0.84629,0.84629,0.80602,0.78865,0.67206,0.58552,0.21693,0.36905,0.26057,0.07023,0.75343,0.61656,0.61171,0.67641,0.71978,0.66632,0.94565,0.89566,0.40396,0.89841,0.62917,0.61118,0.7853,0.85592,0.85592,0.82262,0.8104,0.71968,0.65839,0.40396,0.45481,0.38922,0.24734,0.7718,0.66281,0.65887,0.70741,0.74344
"a2",0.90842,0.93213,0.92226,0.34776,0.93373,0.85688,0.62487,0.81485,0.92243,0.94907,0.89938,0.83147,0.65679,0.52682,0.34776,0.36833,0.18836,0.09022,0.47401,0.31851,0.31276,0.56031,0.43102,0.91103,0.93407,0.92448,0.48041,0.93561,0.86138,0.65164,0.83002,0.9249,0.95051,0.90329,0.84263,0.70257,0.60746,0.48041,0.441,0.31304,0.22727,0.55119,0.43498,0.43215,0.61568,0.52363,0.91043,0.93388,0.93308,0.24828,0.94305,0.80016,0.6185,0.87152,0.92213,0.92213,0.89419,0.84024,0.59679,0.50945,0.24828,0.35492,0.36728,0.10103,0.60082,0.48348,0.38971,0.44979,0.78315,0.91298,0.93577,0.93498,0.40542,0.94467,0.80693,0.64403,0.87802,0.92457,0.92457,0.89814,0.85097,0.65717,0.59345,0.40542,0.43052,0.44608,0.24804,0.64567,0.55892,0.487,0.53105,0.7999
"a3",0.917855629735215,0.947363821495965,0.937376282157567,0.315389079638147,0.943526692367395,0.849599272210285,0.641809954603713,0.843265365529763,0.938654515822145,0.95736,0.92103,0.82467,0.71097,0.57327,0.315389079638147,0.329285875655543,0.237378203963972,0.109795079088123,0.6961,0.39014,0.32664,0.37586,0.529592669456821,0.919499622736701,0.948414844526591,0.938626888513427,0.448862452570547,0.944650702080128,0.853266387069355,0.661291056745695,0.853389283509695,0.940004324433271,0.95821,0.92322,0.83576,0.74289,0.63786,0.448862452570547,0.405599882952036,0.354047353112592,0.239699569818418,0.72378,0.4862,0.43782,0.47698,0.59698221315117,0.914938857771586,0.947363821495965,0.938880039669881,0.315389079638147,0.943785220948258,0.842652709274533,0.637036100679285,0.843265365529763,0.938654515822145,0.95736,0.92103,0.82467,0.71097,0.57327,0.315389079638147,0.268922947256177,0.294185048706837,0.106014459589929,0.36401,0.45004,0.34084,0.25141,0.379800350640886,0.916644931905245,0.948414844526591,0.940099545609396,0.448862452570547,0.944904105882445,0.846571159820541,0.659446215716053,0.853389283509695,0.940004324433271,0.95821,0.92322,0.83576,0.74289,0.63786,0.448862452570547,0.364785127811593,0.393481423308231,0.241014850577332,0.46484,0.53084,0.44783,0.37894,0.483735553048956
"aggregation",0.77442,0.7944,0.81331,0.80421,0.99347,0.6825,0.94933,0.99347,0.56554,0.47758,0.76356,0.87986,0.85876,0.76899,0.80421,0.51526,0.2319,0.37314,0.82093,0.64855,0.54813,0.78684,0.58211,0.82373,0.8414,0.8559,0.86118,0.99488,0.74959,0.96128,0.99488,0.65733,0.58214,0.81647,0.90814,0.8941,0.83107,0.86118,0.61409,0.39254,0.56977,0.86191,0.72199,0.64956,0.84033,0.66804,0.75279,0.79594,0.80189,0.80577,0.99133,0.7594,0.75096,1,0.62186,0.55969,0.69131,0.92945,0.78105,0.77694,0.80577,0.4753,0.30692,0.18219,0.53224,0.69448,0.77319,0.44458,0.59462,0.80551,0.84275,0.84516,0.86252,0.9932,0.8111,0.80871,1,0.71096,0.64811,0.76415,0.94519,0.84136,0.83785,0.86252,0.57828,0.46877,0.42213,0.63259,0.7676,0.8226,0.61454,0.67676
"compound",0.79288,0.55836,0.5518,0.74248,0.80303,0.81697,0.77292,0.79912,0.54126,0.53251,0.5251,0.60734,0.84157,0.7546,0.74248,0.50776,0.45092,0.10882,0.22929,0.35281,0.52938,0.52352,0.47268,0.85473,0.65883,0.65352,0.83043,0.86158,0.86968,0.83273,0.86078,0.6486,0.63781,0.63743,0.7075,0.8888,0.83399,0.83043,0.62086,0.60555,0.39366,0.50155,0.55485,0.63859,0.63385,0.58929,0.71282,0.4991,0.50106,0.7565,0.80296,0.72667,0.7396,0.79251,0.51731,0.54075,0.89279,0.89279,0.89279,0.76069,0.7565,0.42478,0.55495,0.01778,0.41312,0.39281,0.32141,0.52505,0.39042,0.78756,0.61225,0.6134,0.83498,0.86102,0.8016,0.81636,0.85594,0.6307,0.64452,0.92159,0.92159,0.92159,0.83675,0.83498,0.56048,0.68716,0.31546,0.54056,0.52512,0.47762,0.63215,0.522
"d31",0.92379,0.91592,0.92014,0.1739,0.90689,0.77537,0.60161,0.84015,0.89957,0.93533,0.81708,0.71493,0.65185,0.41115,0.1739,0.33829,0.18493,0.14639,0.37251,0.61616,0.44743,0.50556,0.52986,0.92623,0.91862,0.92269,0.34915,0.91038,0.78442,0.63531,0.85122,0.9032,0.9374,0.8279,0.74243,0.69528,0.522,0.34915,0.42198,0.31271,0.27909,0.47527,0.65758,0.53333,0.57643,0.59902,0.87269,0.92827,0.9167,0.15449,0.92604,0.75699,0.53196,0.83942,0.9002,0.93599,0.82388,0.71649,0.65767,0.3793,0.15449,0.38844,0.22239,0.10274,0.53093,0.71118,0.57998,0.45806,0.59069,0.87685,0.93057,0.91937,0.33315,0.92841,0.7676,0.58839,0.85054,0.9038,0.93803,0.83411,0.74402,0.69952,0.49942,0.33315,0.4521,0.3355,0.24951,0.58928,0.73238,0.62687,0.5381,0.64288
"flame",-0.04223,0.367,0.18724,0.01275,0.44215,0.40935,0.41898,0.01275,1,1,1,1,1,1,0.01275,0.35725,0.40926,0.00059,0.43116,0.95014,0.91755,0.93374,0.44182,0.62304,0.69637,0.62373,0.73002,0.73107,0.71509,0.7238,0.73002,1,1,1,1,1,1,0.73002,0.69041,0.71533,0.5707,0.72544,0.97692,0.96205,0.96961,0.73205,0.28894,0.1796,0.28894,0.01275,0.35697,0.62454,0.01275,0.01275,1,1,1,1,1,1,0.01275,0.36757,0.42012,0.16113,-0.01734,0.39842,0.93374,0.44222,0.04217,0.66246,0.62118,0.66246,0.73002,0.69125,0.82134,0.73002,0.73002,1,1,1,1,1,1,0.73002,0.69467,0.72042,0.62685,0.59833,0.71069,0.96961,0.73087,0.54083
"jain",0.77919,0.51462,0.51462,0.25629,0.77919,0.51462,0.4766,0.76845,1,1,1,1,1,0.25629,0.25629,0.49166,0.25521,0.09967,0.51462,0.1929,0.1736,0.27744,0.25521,0.92176,0.79045,0.79045,0.80378,0.92176,0.79045,0.84095,0.91834,1,1,1,1,1,0.80378,0.80378,0.78012,0.66875,0.68774,0.79045,0.64188,0.63403,0.67881,0.66875,0.51462,0.51462,0.56916,0.00986,0.51462,1,0.51462,0.32429,1,1,1,1,1,1,0.00986,0.09943,0.31228,0.23986,0.57719,-0.07298,0.42094,0.67864,0.31228,0.79045,0.79045,0.81596,0.78399,0.79045,1,0.79045,0.70042,1,1,1,1,1,1,0.78399,0.60716,0.69483,0.78663,0.81969,0.6019,0.74607,0.86594,0.69483
"pathbased",0.34552,0.42438,0.48474,0.00052,0.44364,0.35518,0.16226,0.42527,0.61327,0.61327,0.61327,0.61327,0.61327,0.61327,0.00052,0.34364,0.42219,0.16935,0.64944,0.29904,0.50009,0.17099,0.364,0.59542,0.64824,0.67378,0.57339,0.65263,0.57952,0.50166,0.64755,0.75109,0.75109,0.75109,0.75109,0.75109,0.75109,0.57339,0.5724,0.6377,0.504,0.77013,0.55085,0.68049,0.47767,0.587,0.39175,0.45724,0.45724,0.00089,0.47174,0.45724,0.45724,0.08798,0.50673,0.38854,0.14465,0.14465,0.14465,0.14465,0.00089,0.32967,0.31797,0.08485,0.41665,0.42853,0.48824,0.20942,0.38224,0.59676,0.65979,0.65979,0.57169,0.66637,0.65979,0.65979,0.52903,0.68435,0.60571,0.52932,0.52932,0.52932,0.52932,0.57169,0.5643,0.57885,0.44649,0.64888,0.65311,0.67456,0.51838,0.60063
"r15",0.97852,0.982,0.982,0.54246,0.98926,0.97506,0.77203,0.98213,0.98565,0.98565,0.98565,0.79673,0.54246,0.54246,0.54246,0.31509,0.36122,0.04277,0.46607,0.67201,0.46717,0.49705,0.78127,0.97992,0.98317,0.98317,0.63746,0.98996,0.97668,0.80031,0.9833,0.98658,0.98658,0.98658,0.82325,0.63746,0.63746,0.63746,0.40836,0.47531,0.23794,0.56415,0.7154,0.56075,0.58693,0.80611,0.97852,0.982,0.982,0.54246,0.98926,0.97506,0.77203,0.98213,0.98565,0.98565,0.98565,0.79673,0.54246,0.54246,0.54246,0.41741,0.31005,0.05067,0.65718,0.65368,0.63809,0.6477,0.49204,0.97992,0.98317,0.98317,0.63746,0.98996,0.97668,0.80031,0.9833,0.98658,0.98658,0.98658,0.82325,0.63746,0.63746,0.63746,0.48394,0.42642,0.24499,0.70423,0.71075,0.69403,0.70428,0.58485
"s1",0.97106,0.9812,0.98334,0.46352,0.9816,0.80168,0.64821,0.98055,0.98799,0.98799,0.98799,0.98799,0.98799,0.85954,0.46352,0.55434,0.31796,0.17454,0.58203,0.70817,0.77576,0.52604,0.91007,0.97299,0.98245,0.98445,0.58934,0.98282,0.81865,0.68026,0.98184,0.98879,0.98879,0.98879,0.98879,0.98879,0.8762,0.58934,0.60053,0.43069,0.34416,0.64849,0.74636,0.80273,0.61323,0.91795,0.90409,0.9821,0.98334,0.46352,0.98166,0.85949,0.74308,0.9795,0.98799,0.98799,0.98799,0.98799,0.98799,0.85954,0.46352,0.52072,0.3536,0.1641,0.64927,0.78651,0.59226,0.51227,0.6618,0.91164,0.98329,0.98445,0.58934,0.98289,0.87001,0.76772,0.98086,0.98879,0.98879,0.98879,0.98879,0.98879,0.8762,0.58934,0.58044,0.4632,0.33012,0.70351,0.81045,0.6582,0.6042,0.71635
"s2",0.79087,0.89966,0.90575,-2e-05,0.9126,0.67864,0.48104,0.77931,0.91523,0.91523,0.7633,0.77856,0.73013,0.5546,-2e-05,0.45049,0.33679,0.16879,0.4664,0.68888,0.596,0.56718,0.87022,0.8066,0.90636,0.91205,0.25704,0.91843,0.703,0.53874,0.80589,0.92089,0.92089,0.79095,0.8044,0.76714,0.64085,0.25704,0.51617,0.41935,0.3212,0.55881,0.72831,0.65624,0.63231,0.88036,0.68324,0.91061,0.91639,-1e-05,0.9127,0.77381,0.43977,0.80174,0.91633,0.91633,0.86548,0.7789,0.73045,0.55461,-1e-05,0.5407,0.26995,0.12546,0.76503,0.61987,0.74747,0.68341,0.80483,0.70862,0.91659,0.92198,0.25711,0.91853,0.79138,0.50454,0.82195,0.92192,0.92192,0.87618,0.80472,0.76745,0.64094,0.25711,0.58383,0.3828,0.29065,0.78483,0.67094,0.77496,0.72206,0.82303
"s3",0.50925,0.6649,0.67711,-1e-05,0.59574,0.41893,0.4068,0.49392,0.6651,0.68691,0.56533,0.55931,0.48216,0.42247,-1e-05,0.43617,0.29542,0.08672,0.62542,0.5985,0.48284,0.58066,0.67078,0.54837,0.68793,0.69893,0.25676,0.63639,0.46978,0.46685,0.57446,0.6899,0.70808,0.61013,0.60893,0.55871,0.52692,0.25676,0.49716,0.39924,0.26962,0.65263,0.63043,0.53981,0.61652,0.69481,0.50894,0.68018,0.68513,-1e-05,0.60401,0.4656,0.44166,0.47714,0.66479,0.68658,0.56533,0.54796,0.48216,0.42472,-1e-05,0.39598,0.27691,0.10911,0.54031,0.6054,0.63517,0.61745,0.58833,0.54887,0.70198,0.70639,0.25676,0.64428,0.50811,0.50342,0.56589,0.6896,0.70777,0.61013,0.59972,0.55871,0.529,0.25676,0.4675,0.37192,0.27447,0.58373,0.63698,0.66256,0.64745,0.62627
"s4",0.41712,0.59004,0.55323,5e-05,0.49257,0.3713,0.28432,0.42964,0.59091,0.6188,0.51447,0.46614,0.39294,0.20593,5e-05,0.36049,0.30252,0.09186,0.51853,0.54523,0.51156,0.55487,0.51773,0.46804,0.61773,0.58467,0.25704,0.54619,0.4383,0.37967,0.51216,0.62028,0.64444,0.56305,0.52872,0.48157,0.37367,0.25704,0.42157,0.38733,0.2671,0.5552,0.57988,0.5522,0.58858,0.55884,0.49967,0.57555,0.5945,5e-05,0.50016,0.40373,0.28948,0.41961,0.5901,0.6188,0.51447,0.39947,0.41642,0.20549,5e-05,0.39164,0.22093,0.17684,0.53591,0.5633,0.58738,0.34783,0.49134,0.54085,0.60444,0.62185,0.25704,0.55242,0.45391,0.38837,0.51052,0.61948,0.64444,0.56305,0.48442,0.49932,0.37421,0.25704,0.45557,0.33599,0.32856,0.56928,0.5935,0.61665,0.43735,0.5381
"spiral",0.00184,0.00817,-0.00088,1,-0.00226,0.00171,-0.00264,0.00896,1,1,1,1,1,1,1,-0.00407,0.00012,0.0313,0.16335,0.13151,0.13115,0.05485,-0.00524,0.3385,0.33741,0.33738,1,0.35727,0.34569,0.33175,0.38586,1,1,1,1,1,1,1,0.33789,0.33924,0.42264,0.46181,0.51621,0.44934,0.41189,0.33429,0.00292,-2e-04,-0.00426,1,0.02027,0.00793,-0.00508,0.01188,1,1,1,1,1,1,1,-0.0054,-0.00549,0.03208,0.16845,0.1574,0.05226,0.02646,-0.00557,0.36349,0.33648,0.34832,1,0.35841,0.33742,0.33001,0.50463,1,1,1,1,1,1,1,0.33767,0.32838,0.43639,0.46383,0.52356,0.45176,0.39763,0.33446
"unbalance",0.612466342912506,0.999976887161302,0.999976887161302,0.998827631863184,1,0.612735494359253,0.612735494359253,0.999976887161302,0.623750737529922,0.61431,0.68577,0.78202,0.87546,0.99998,0.998827631863184,0.842641739053014,0.405950457652651,0.261680647219347,0.47849,0.62845,0.66916,0.68923,0.470858690332231,0.774934260928907,0.999983476565497,0.999983476565497,0.999162482279799,1,0.775147915264123,0.775147915264123,0.999983476565497,0.729922646159503,0.723,0.77502,0.84413,0.91083,0.99998,0.999162482279799,0.887960969368921,0.553927630246513,0.519316020704008,0.61518,0.73263,0.7608,0.7788,0.610095208807671,0.610925480455154,0.743035720974668,0.999976887161302,0.611917772038323,0.611876833805529,0.611334111870176,0.610625249025141,0.611013025187178,0.616390535857784,0.57394,0.74196,0.7534,0.84742,1,0.611917772038323,0.593016842203888,0.693793414373906,0.307654069325317,0.53428,0.39945,0.51496,0.58759,0.35086550879439,0.774073847113474,0.817611842849036,0.999983476565497,0.774752643196878,0.774722461864095,0.774266751915057,0.773901743227516,0.774249292051809,0.724527254433862,0.69318,0.81545,0.82365,0.89082,1,0.774752643196878,0.699825933392799,0.777545903469296,0.499912952275652,0.66349,0.57246,0.64469,0.7045,0.512246504255778
"cross",0.35873,0.15365,0.07246,0,0.00134,0.04493,0.00614,0.00023,0.46335,0.75529,0.31373,0.10354,0.10354,0.06467,0,0.99867,0.24937,0.06286,0.31745,0.43772,0.29133,0.41974,0.99867,0.59697,0.45544,0.44043,0.49838,0.49046,0.47538,0.47585,0.49482,0.62364,0.8185,0.54381,0.44051,0.44051,0.45437,0.49838,0.999,0.49979,0.44007,0.50482,0.60018,0.48323,0.58906,0.999,0.08673,0.15365,0.07246,0,0.00134,0.04493,0.00501,0.00023,0.46335,0.75529,0.31373,0.10354,0.10354,0.06467,0,0.60372,0.12107,0.04676,0.2537,0.45453,0.43285,0.42289,0.53498,0.44353,0.45544,0.44043,0.49838,0.49046,0.47538,0.48516,0.49482,0.62364,0.8185,0.54381,0.44051,0.44051,0.45437,0.49838,0.72611,0.46933,0.44477,0.45627,0.6108,0.59718,0.59102,0.66084
"smile",0.49929,0.43921,0.45214,1,0.57463,0.48445,0.48092,0.60476,1,0.70085,1,1,1,1,1,0.56834,0.34247,0.33981,0.1783,0.41123,0.49011,0.41422,0.31493,0.64717,0.58342,0.59392,1,0.69031,0.62434,0.62572,0.71331,1,0.78573,1,1,1,1,1,0.6857,0.5111,0.50844,0.40856,0.56318,0.63102,0.56569,0.48884,0.4743,0.44591,0.45491,1,0.47097,0.47031,0.57352,0.60564,1,0.70085,1,1,1,1,1,0.41894,0.24953,0.2536,0.35271,0.33762,0.30372,0.29203,0.26478,0.61771,0.58886,0.59616,1,0.62249,0.61601,0.68947,0.71399,1,0.78573,1,1,1,1,1,0.56932,0.46367,0.49665,0.52191,0.50082,0.47763,0.46918,0.45892
"twosplashes",0.21895,0.21426,0.19165,0.00015,0.00226,0.19165,0.27909,0.00226,0.50285,0.50285,0.50285,0.50285,0.50285,0.00226,0.00015,0.27909,0.27381,0.03436,0.14308,0.16601,0.13871,0.13129,0.27381,0.60946,0.60698,0.60209,0.70098,0.68957,0.60209,0.63864,0.68957,0.7508,0.7508,0.7508,0.7508,0.7508,0.68957,0.70098,0.63864,0.636,0.58,0.64821,0.58196,0.59205,0.58853,0.636,0.00682,0.30075,0.30075,0.00015,0.01761,0.00682,0.00456,0.01761,1,1,1,1,1,1,0.00015,0.28982,0.7218,-0.00154,0.48883,0.73896,1,-1e-05,0.06014,0.67932,0.6495,0.6495,0.70098,0.66683,0.67932,0.68357,0.66683,1,1,1,1,1,1,0.70098,0.64402,0.86055,0.56766,0.75552,0.87046,1,0.49874,0.52889
"x1",1,1,1,1,1,1,1,1,1,1,1,1,1,1,1,0.76139,0.04483,0.49479,0.77286,0.62644,0.46544,0.46372,0.9576,1,1,1,1,1,1,1,1,1,1,1,1,1,1,1,0.84143,0.49855,0.67981,0.85034,0.7541,0.67149,0.6702,0.97204,1,1,1,1,1,1,1,1,1,1,1,1,1,1,1,0.68873,0.43043,0.38983,0.65135,0.46372,1,0.60449,0.37343,1,1,1,1,1,1,1,1,1,1,1,1,1,1,1,0.79534,0.65252,0.6219,0.76963,0.6702,1,0.74089,0.62967
"x2",0.20905,0.66892,0.1906,-0.00692,0.25017,-0.00751,-0.0067,0.27131,0.68829,0.68829,0.20905,0.20905,0.20905,0.27131,-0.00692,0.68829,0.30041,0.36606,0.68767,0.38318,0.68958,0.28633,0.66892,0.55066,0.78284,0.54257,0.5709,0.58676,0.50976,0.5566,0.59688,0.79519,0.79519,0.55066,0.55066,0.55066,0.59688,0.5709,0.79519,0.55856,0.66442,0.79434,0.60332,0.79653,0.54541,0.78284,0.20905,0.66892,0.1906,-0.00692,0.1906,0.15629,0.00477,0.27131,0.68829,0.68829,0.20905,0.20905,0.20905,0.20905,-0.00692,0.68829,0.13644,0.09803,0.50018,0.61651,0.37985,0.68958,0.37707,0.55066,0.78284,0.54257,0.5709,0.54257,0.52836,0.51817,0.59688,0.79519,0.79519,0.55066,0.55066,0.55066,0.55066,0.5709,0.79519,0.52569,0.5187,0.68152,0.74963,0.60278,0.79653,0.60027
"x3",0.57638,0.8214,0.8689,0.0065,0.50455,0.53421,0.6436,0.56665,0.49671,0.88293,0.49671,0.49671,0.51601,0.24804,0.0065,0.86528,0.56271,0.16461,0.79122,0.57783,0.87989,0.55261,0.86528,0.69363,0.86855,0.90337,0.51157,0.6785,0.69629,0.77923,0.72935,0.67134,0.914,0.67134,0.67134,0.68825,0.57333,0.51157,0.90059,0.70819,0.46352,0.84842,0.71115,0.91165,0.71821,0.90059,0.7743,0.8214,0.8689,0.0065,0.50455,0.70106,0.62064,0.56164,0.49671,0.88293,0.49671,0.49671,0.51601,0.24804,0.0065,0.53132,0.509,0.13981,0.89347,0.74462,0.63315,0.71608,0.59518,0.83522,0.86855,0.90337,0.51157,0.6785,0.78421,0.76379,0.72383,0.67134,0.914,0.67134,0.67134,0.68825,0.57333,0.51157,0.67307,0.66302,0.43432,0.92168,0.81211,0.74267,0.79354,0.71071
"z1",0.18082,0.20153,0.18357,0.12161,0.21359,0.20025,0.20025,0.04713,0.39442,0.38053,0.38053,0.38053,0.40769,0.16561,0.45781,0.12269,0.23743,0.11197,0.07826,0.20058,0.20321,0.2404,0.10838,0.45745,0.46629,0.46383,0.53964,0.51147,0.47361,0.47361,0.51648,0.61162,0.6075,0.6075,0.6075,0.64517,0.56578,0.67642,0.42405,0.49372,0.5173,0.38462,0.46625,0.46683,0.49283,0.40974,0.24856,0.07911,0.07978,-5e-05,0.07978,0.24694,0.11372,0.04373,0.09643,0.09643,-0.007,-0.007,-0.007,-0.007,-5e-05,0.10225,0.12071,0.09499,0.30139,0.32017,0.14033,0.10476,0.09947,0.5024,0.41701,0.41772,0.56829,0.41772,0.50434,0.42818,0.39397,0.41547,0.41547,0.39649,0.39649,0.39649,0.39649,0.56829,0.41679,0.41427,0.43103,0.57388,0.58264,0.43862,0.42195,0.40485
"z2",0.44139,0.47667,0.43418,0.73471,0.51153,0.38599,0.52308,0.57437,0.6329,0.49623,0.6329,0.82036,1,1,0.73471,0.3666,0.36783,0.48206,0.51857,0.44817,0.40148,0.64393,0.38828,0.62308,0.64437,0.61168,0.85747,0.67586,0.59423,0.69755,0.77626,0.76369,0.65898,0.76369,0.89211,1,1,0.85747,0.5602,0.5874,0.68797,0.68761,0.622,0.58933,0.76771,0.57638,0.30257,0.53494,0.34172,0.73471,0.40318,0.40137,0.28238,0.47577,0.49933,0.44099,0.64337,1,1,1,0.73471,0.35332,0.22552,0.12771,0.66707,0.58256,0.3887,0.65204,0.38899,0.53514,0.68788,0.54116,0.85747,0.59573,0.60313,0.52164,0.75188,0.66668,0.61919,0.76581,1,1,1,0.85747,0.55167,0.49442,0.53541,0.78234,0.72333,0.60573,0.77231,0.57667
"z3",0.933199091926119,0.995251534149178,1,0.73869222959752,0.997617794691025,0.939522341918026,0.995251534149178,1,0.664112252140108,0.6307,0.9184,0.9184,0.72778,0.73098,0.73869222959752,0.74889946609126,0.757404827416211,0.337222379595242,0.69658,0.70645,0.61353,0.54097,0.74889946609126,0.953529024522577,0.996677637175018,1,0.842076827699334,0.99833060567777,0.957457330803564,0.996677637175018,1,0.772664124422627,0.7415,0.94339,0.94339,0.83367,0.83614,0.842076827699334,0.820686049644265,0.839793518135045,0.569305295999838,0.78473,0.79191,0.73202,0.68839,0.820686049644265,0.981100158401621,0.995251534149178,0.995251534149178,0.73869222959752,0.958843832614965,0.940376349498702,0.983463212146647,0.995251534149178,0.669184471399952,0.66918,0.9184,0.9184,0.75081,0.73098,0.73869222959752,0.744303662064546,0.35637591348468,0.224929798051631,0.69798,0.53903,0.70114,0.39314,0.594198189837062,0.986757633225659,0.996677637175018,0.996677637175018,0.842076827699334,0.971522812236976,0.958890118649584,0.988402052106446,0.996677637175018,0.764457365510383,0.76446,0.94339,0.94339,0.84268,0.83614,0.842076827699334,0.817332099439187,0.552265003851798,0.525954397599077,0.78391,0.68706,0.78618,0.6126,0.709666471258936
"benchmark2",0.19259,0.08488,0.16332,1,-0.04677,0.10479,0.09255,-0.03998,1,1,1,1,1,1,1,0.1829,-0.00528,0.24052,0.1068,0.42723,1,0.49996,0.09436,0.48668,0.44023,0.47332,1,0.51115,0.42837,0.47479,0.55504,1,1,1,1,1,1,1,0.48261,0.40621,0.55409,0.50138,0.65731,1,0.69062,0.42635,0.19259,0.08488,0.16332,1,-0.04677,0.10479,0.09255,-0.03998,1,1,1,1,1,1,1,0.05227,0.09549,0.16228,0.0862,1,0.41125,0.56515,0.06602,0.48668,0.44023,0.47332,1,0.51115,0.42837,0.47479,0.55504,1,1,1,1,1,1,1,0.41303,0.43519,0.51522,0.43633,1,0.64983,0.72441,0.40404
"benchmark3",0.3215,0.00974,0.16208,1,-0.022,0.04441,-0.00198,-0.0382,1,1,1,1,1,1,1,-0.00245,-0.00302,0.04302,0.13291,0.61884,1,0.61097,0.01279,0.67646,0.59812,0.6177,1,0.61073,0.59583,0.72568,0.65607,1,1,1,1,1,1,1,0.52195,0.5489,0.5958,0.60972,0.81535,1,0.8115,0.58823,0.15351,0.11158,-0.0207,1,-0.022,0.10417,-0.03751,-0.02869,1,1,1,1,1,1,1,0.00177,-0.00258,0.03489,0.11726,1,1,1,0.03946,0.61523,0.60473,0.60979,1,0.61073,0.6032,0.65971,0.68447,1,1,1,1,1,1,1,0.51582,0.53191,0.59579,0.60598,1,1,1,0.57589
"benchmark4",0.69896,0.69911,0.69677,1,0.62442,0.657,0.75439,0.51481,0.93121,0.93121,0.93121,1,1,1,1,0.47261,0.31185,0.0654,0.60328,0.54231,0.58779,0.57279,0.56788,0.77422,0.77442,0.7731,1,0.71794,0.74184,0.81681,0.63448,0.94915,0.94915,0.94915,1,1,1,1,0.60362,0.49066,0.39549,0.70042,0.67784,0.70176,0.68165,0.67305,0.28992,0.31072,0.2987,1,0.31189,0.29669,0.37682,0.44474,0.93054,0.79089,0.93054,1,1,1,1,0.49256,0.42066,0.15757,0.35266,0.71538,0.76825,0.54629,0.31072,0.4651,0.47974,0.46861,1,0.4802,0.48104,0.55822,0.59384,0.94865,0.8443,0.94865,1,1,1,1,0.61441,0.57145,0.41107,0.51331,0.78898,0.82708,0.66284,0.48426
